{
    "facilities": [
        {
            "serialNumber": "21211900202826970938020910N8",
            "name": "Chauffage",
            "responsibleCountryCode": "FR",
            "supportedBrand": "GREEN_BRAND_COMPATIBLE",
            "capabilities": [
                "SYSTEMCONTROL_SENSO",
                "SPINE"
            ],
            "networkInformation": {
                "macAddressEthernet": "84:c3:e8:05:86:ae",
                "macAddressWifiAccessPoint": "84:c3:e8:05:86:af",
                "macAddressWifiClient": "84:c3:e8:05:86:b0"
            },
            "firmwareVersion": "357.24.2"
        }
    ],
    "emfInfos": [
        {
            "id": "NoneGateway-LL_BAI00_0376_Peec_PR_EBUS",
            "type": "BOILER",
            "marketingName": "IsoMax Condens T 31-CS\/1-Sf (N-FR)",
            "reports": [
                {
                    "function": "DHW",
                    "energyType": "CONSUMED_ELECTRICAL_POWER",
                    "currentMeterReading": 5916.7802734375,
                    "from": "2021-08-12",
                    "to": "2022-03-10"
                },
                {
                    "function": "CENTRAL_HEATING",
                    "energyType": "CONSUMED_ELECTRICAL_POWER",
                    "currentMeterReading": 132777.65625,
                    "from": "2021-08-12",
                    "to": "2022-03-10"
                },
                {
                    "function": "DHW",
                    "energyType": "CONSUMED_PRIMARY_ENERGY",
                    "currentMeterReading": 849600,
                    "from": "2021-08-12",
                    "to": "2022-03-10"
                },
                {
                    "function": "CENTRAL_HEATING",
                    "energyType": "CONSUMED_PRIMARY_ENERGY",
                    "currentMeterReading": 8139721,
                    "from": "2021-08-12",
                    "to": "2022-03-10"
                }
            ]
        }
    ],
    "gatewayType": {
        "gatewayType": "MILINKv3"
    },
    "facilityStatus": {
        "onlineStatus": {
            "status": "ONLINE"
        },
        "firmwareUpdateStatus": {
            "status": "UPDATE_NOT_PENDING"
        },
        "facilityInstallationStatus": {
            "status": "NOT_INSTALLABLE"
        }
    },
    "liveReport": {
        "devices": [
            {
                "reports": [
                    {
                        "unit": "bar",
                        "name": "Pression d'eau",
                        "value": 1.5,
                        "_id": "WaterPressureSensor",
                        "measurement_category": "PRESSURE",
                        "associated_device_function": "HEATING"
                    }
                ],
                "_id": "Control_SYS_senso",
                "name": "MiPro Sense"
            },
            {
                "reports": [
                    {
                        "unit": "%",
                        "name": "Humidité ambiante actuelle",
                        "value": 50,
                        "_id": "HumidityCurrent",
                        "measurement_category": "AIR_QUALITY",
                        "associated_device_function": "RELATIVE_HUMIDITY"
                    }
                ],
                "_id": "Control_ZO1",
                "name": "Zone 1"
            },
            {
                "reports": [
                    {
                        "unit": "°C",
                        "name": "Température ECS ballon",
                        "value": 56,
                        "_id": "DomesticHotWaterTankTemperature",
                        "measurement_category": "TEMPERATURE",
                        "associated_device_function": "DHW"
                    }
                ],
                "_id": "Control_DHW",
                "name": "Circuit sanitaire"
            },
            {
                "reports": [
                    {
                        "unit": "°C",
                        "name": "Sonde de température de départ",
                        "value": 41,
                        "_id": "FlowTemperatureSensor",
                        "measurement_category": "TEMPERATURE",
                        "associated_device_function": "HEATING"
                    }
                ],
                "_id": "Control_CC1",
                "name": "Circuit chauffage 1"
            }
        ],
        "META": {
            "resourceState": [
                {
                    "state": "OUTDATED",
                    "timestamp": 1647172952,
                    "link": {
                        "rel": "child",
                        "resourceLink": "\/facilities\/21211900202826970938020910N8\/livereport\/v1\/devices\/Control_SYS_senso\/reports\/WaterPressureSensor"
                    }
                },
                {
                    "state": "OUTDATED",
                    "timestamp": 1647172960,
                    "link": {
                        "rel": "child",
                        "resourceLink": "\/facilities\/21211900202826970938020910N8\/livereport\/v1\/devices\/Control_ZO1\/reports\/HumidityCurrent"
                    }
                },
                {
                    "state": "OUTDATED",
                    "timestamp": 1647172968,
                    "link": {
                        "rel": "child",
                        "resourceLink": "\/facilities\/21211900202826970938020910N8\/livereport\/v1\/devices\/Control_DHW\/reports\/DomesticHotWaterTankTemperature"
                    }
                },
                {
                    "state": "OUTDATED",
                    "timestamp": 1647172969,
                    "link": {
                        "rel": "child",
                        "resourceLink": "\/facilities\/21211900202826970938020910N8\/livereport\/v1\/devices\/Control_CC1\/reports\/FlowTemperatureSensor"
                    }
                }
            ]
        }
    },
    "roomInstallationStatus": {
        "code": 409,
        "msg": "Conflict ",
        "status": "errorcode",
        "body": "",
        "url": "\/mobile\/api\/v4\/facilities\/21211900202826970938020910N8\/rbr\/v1\/installationStatus"
    },
    "systemControl": {
        "zones": [
            {
                "heating": {
                    "configuration": {
                        "operation_mode": "TIME_CONTROLLED",
                        "setback_temperature_setpoint": 19.5,
                        "manual_mode_temperature_setpoint": 20.5
                    },
                    "timeprogram": {
                        "monday": [
                            {
                                "start_time": "04:30",
                                "end_time": "23:30",
                                "setpoint": 21
                            }
                        ],
                        "tuesday": [
                            {
                                "start_time": "04:30",
                                "end_time": "23:30",
                                "setpoint": 21
                            }
                        ],
                        "wednesday": [
                            {
                                "start_time": "04:30",
                                "end_time": "23:30",
                                "setpoint": 21
                            }
                        ],
                        "thursday": [
                            {
                                "start_time": "04:30",
                                "end_time": "23:30",
                                "setpoint": 21
                            }
                        ],
                        "friday": [
                            {
                                "start_time": "04:30",
                                "end_time": "23:30",
                                "setpoint": 21
                            }
                        ],
                        "saturday": [
                            {
                                "start_time": "04:30",
                                "end_time": "23:30",
                                "setpoint": 21
                            }
                        ],
                        "sunday": [
                            {
                                "start_time": "04:30",
                                "end_time": "23:30",
                                "setpoint": 21
                            }
                        ]
                    }
                },
                "configuration": {
                    "name": "Radiateurs",
                    "enabled": true,
                    "active_function": "HEATING",
                    "inside_temperature": 20,
                    "eco_mode": true,
                    "current_desired_setpoint": 21,
                    "away": {
                        "start_datetime": "2020-01-01T00:00:00.000Z",
                        "end_datetime": "2020-01-02T00:00:00.000Z",
                        "temperature_setpoint": 20
                    },
                    "manual_cooling_active": false,
                    "humidity": 50
                },
                "_id": "Control_ZO1"
            }
        ],
        "configuration": {
            "manual_cooling": {
                "start_date": "2019-01-01",
                "end_date": "2019-01-01"
            }
        },
        "status": {
            "datetime": "2022-03-13T13:00:19.000Z",
            "outside_temperature": 10.4
        },
        "dhw": {
            "hotwater": {
                "configuration": {
                    "operation_mode": "TIME_CONTROLLED",
                    "hotwater_temperature_setpoint": 59
                },
                "timeprogram": {
                    "monday": [
                        {
                            "start_time": "06:50",
                            "end_time": "10:00"
                        },
                        {
                            "start_time": "18:30",
                            "end_time": "21:30"
                        }
                    ],
                    "tuesday": [
                        {
                            "start_time": "06:50",
                            "end_time": "10:00"
                        },
                        {
                            "start_time": "18:30",
                            "end_time": "21:30"
                        }
                    ],
                    "wednesday": [
                        {
                            "start_time": "06:50",
                            "end_time": "10:00"
                        },
                        {
                            "start_time": "18:30",
                            "end_time": "21:30"
                        }
                    ],
                    "thursday": [
                        {
                            "start_time": "06:50",
                            "end_time": "10:00"
                        },
                        {
                            "start_time": "18:30",
                            "end_time": "21:30"
                        }
                    ],
                    "friday": [
                        {
                            "start_time": "06:50",
                            "end_time": "10:00"
                        },
                        {
                            "start_time": "18:30",
                            "end_time": "21:30"
                        }
                    ],
                    "saturday": [
                        {
                            "start_time": "09:00",
                            "end_time": "11:40"
                        },
                        {
                            "start_time": "18:00",
                            "end_time": "21:30"
                        }
                    ],
                    "sunday": [
                        {
                            "start_time": "09:00",
                            "end_time": "11:30"
                        },
                        {
                            "start_time": "18:00",
                            "end_time": "21:30"
                        }
                    ]
                }
            },
            "circulation": {
                "configuration": {
                    "operation_mode": "TIME_CONTROLLED"
                },
                "timeprogram": {
                    "monday": [
                        {
                            "start_time": "00:00",
                            "end_time": "24:00"
                        }
                    ],
                    "tuesday": [
                        {
                            "start_time": "00:00",
                            "end_time": "24:00"
                        }
                    ],
                    "wednesday": [
                        {
                            "start_time": "00:00",
                            "end_time": "24:00"
                        }
                    ],
                    "thursday": [
                        {
                            "start_time": "00:00",
                            "end_time": "24:00"
                        }
                    ],
                    "friday": [
                        {
                            "start_time": "00:00",
                            "end_time": "24:00"
                        }
                    ],
                    "saturday": [
                        {
                            "start_time": "00:00",
                            "end_time": "23:00"
                        },
                        {
                            "start_time": "23:00",
                            "end_time": "24:00"
                        }
                    ],
                    "sunday": [
                        {
                            "start_time": "00:00",
                            "end_time": "22:50"
                        },
                        {
                            "start_time": "23:00",
                            "end_time": "24:00"
                        }
                    ]
                }
            },
            "configuration": {
                "away": {
                    "start_datetime": "2019-01-01T00:00:00.000Z",
                    "end_datetime": "2019-01-01T00:00:00.000Z"
                }
            }
        },
        "META": {
            "resourceState": [
                {
                    "state": "OUTDATED",
                    "timestamp": 1647172952304,
                    "link": {
                        "rel": "self",
                        "resourceLink": "\/facilities\/21211900202826970938020910N8\/systemcontrol\/tli\/v1\/status"
                    }
                },
                {
                    "state": "OUTDATED",
                    "timestamp": 1647172952304,
                    "link": {
                        "rel": "self",
                        "resourceLink": "\/facilities\/21211900202826970938020910N8\/systemcontrol\/tli\/v1\/configuration"
                    }
                },
                {
                    "state": "OUTDATED",
                    "timestamp": 1647172960925,
                    "link": {
                        "rel": "self",
                        "resourceLink": "\/facilities\/21211900202826970938020910N8\/systemcontrol\/tli\/v1\/zones\/Control_ZO1\/heating\/configuration"
                    }
                },
                {
                    "state": "SYNCED",
                    "timestamp": 1647177052000,
                    "link": {
                        "rel": "self",
                        "resourceLink": "\/facilities\/21211900202826970938020910N8\/systemcontrol\/tli\/v1\/zones\/Control_ZO1\/heating\/timeprogram"
                    }
                },
                {
                    "state": "OUTDATED",
                    "timestamp": 1647172969753,
                    "link": {
                        "rel": "self",
                        "resourceLink": "\/facilities\/21211900202826970938020910N8\/systemcontrol\/tli\/v1\/zones\/Control_ZO1\/configuration"
                    }
                },
                {
                    "state": "SYNCED",
                    "timestamp": 1647177083298,
                    "link": {
                        "rel": "self",
                        "resourceLink": "\/facilities\/21211900202826970938020910N8\/systemcontrol\/tli\/v1\/dhw\/circulation\/configuration"
                    }
                },
                {
                    "state": "OUTDATED",
                    "timestamp": 1647172968079,
                    "link": {
                        "rel": "self",
                        "resourceLink": "\/facilities\/21211900202826970938020910N8\/systemcontrol\/tli\/v1\/dhw\/hotwater\/configuration"
                    }
                },
                {
                    "state": "SYNCED",
                    "timestamp": 1647177052000,
                    "link": {
                        "rel": "self",
                        "resourceLink": "\/facilities\/21211900202826970938020910N8\/systemcontrol\/tli\/v1\/dhw\/circulation\/timeprogram"
                    }
                },
                {
                    "state": "SYNCED",
                    "timestamp": 1647177052000,
                    "link": {
                        "rel": "self",
                        "resourceLink": "\/facilities\/21211900202826970938020910N8\/systemcontrol\/tli\/v1\/dhw\/hotwater\/timeprogram"
                    }
                },
                {
                    "state": "OUTDATED",
                    "timestamp": 1647172968079,
                    "link": {
                        "rel": "self",
                        "resourceLink": "\/facilities\/21211900202826970938020910N8\/systemcontrol\/tli\/v1\/dhw\/configuration"
                    }
                }
            ]
        }
    }
}
