{
    "account\/authentication\/v1\/token\/new": {
        "meta": null,
        "body": {
            "authToken": "d4822e6cbb8249da97330adf668bb2b3"
        }
    },
    "facilities": {
        "meta": null,
        "body": {
            "facilitiesList": [
                {
                    "serialNumber": "21211900202826970938020910N8",
                    "name": "Chauffage",
                    "responsibleCountryCode": "FR",
                    "supportedBrand": "GREEN_BRAND_COMPATIBLE",
                    "capabilities": [
                        "SYSTEMCONTROL_SENSO"
                    ],
                    "networkInformation": {
                        "macAddressEthernet": "84:c3:e8:05:86:ae",
                        "macAddressWifiAccessPoint": "84:c3:e8:05:86:af",
                        "macAddressWifiClient": "84:c3:e8:05:86:b0"
                    },
                    "firmwareVersion": "0357.24.02"
                }
            ]
        }
    },
    "facilities\/21211900202826970938020910N8\/system\/v1\/status": {
        "meta": null,
        "body": {
            "onlineStatus": {
                "status": "ONLINE"
            },
            "firmwareUpdateStatus": {
                "status": "UPDATE_NOT_PENDING"
            },
            "facilityInstallationStatus": {
                "status": "NOT_INSTALLABLE"
            }
        }
    },
    "facilities\/21211900202826970938020910N8\/systemcontrol\/tli\/v1": {
        "meta": {
            "resourceState": [
                {
                    "state": "OUTDATED",
                    "timestamp": 1644000933841,
                    "link": {
                        "rel": "self",
                        "resourceLink": "\/facilities\/21211900202826970938020910N8\/systemcontrol\/tli\/v1\/status"
                    }
                },
                {
                    "state": "OUTDATED",
                    "timestamp": 1644000933841,
                    "link": {
                        "rel": "self",
                        "resourceLink": "\/facilities\/21211900202826970938020910N8\/systemcontrol\/tli\/v1\/configuration"
                    }
                },
                {
                    "state": "OUTDATED",
                    "timestamp": 1644000944097,
                    "link": {
                        "rel": "self",
                        "resourceLink": "\/facilities\/21211900202826970938020910N8\/systemcontrol\/tli\/v1\/zones\/Control_ZO1\/heating\/configuration"
                    }
                },
                {
                    "state": "OUTDATED",
                    "timestamp": 1644007963000,
                    "link": {
                        "rel": "self",
                        "resourceLink": "\/facilities\/21211900202826970938020910N8\/systemcontrol\/tli\/v1\/zones\/Control_ZO1\/heating\/timeprogram"
                    }
                },
                {
                    "state": "OUTDATED",
                    "timestamp": 1644000948976,
                    "link": {
                        "rel": "self",
                        "resourceLink": "\/facilities\/21211900202826970938020910N8\/systemcontrol\/tli\/v1\/zones\/Control_ZO1\/configuration"
                    }
                },
                {
                    "state": "SYNCED",
                    "timestamp": 1644016869629,
                    "link": {
                        "rel": "self",
                        "resourceLink": "\/facilities\/21211900202826970938020910N8\/systemcontrol\/tli\/v1\/dhw\/circulation\/configuration"
                    }
                },
                {
                    "state": "OUTDATED",
                    "timestamp": 1644000947177,
                    "link": {
                        "rel": "self",
                        "resourceLink": "\/facilities\/21211900202826970938020910N8\/systemcontrol\/tli\/v1\/dhw\/hotwater\/configuration"
                    }
                },
                {
                    "state": "OUTDATED",
                    "timestamp": 1644007963000,
                    "link": {
                        "rel": "self",
                        "resourceLink": "\/facilities\/21211900202826970938020910N8\/systemcontrol\/tli\/v1\/dhw\/circulation\/timeprogram"
                    }
                },
                {
                    "state": "OUTDATED",
                    "timestamp": 1644007963000,
                    "link": {
                        "rel": "self",
                        "resourceLink": "\/facilities\/21211900202826970938020910N8\/systemcontrol\/tli\/v1\/dhw\/hotwater\/timeprogram"
                    }
                },
                {
                    "state": "OUTDATED",
                    "timestamp": 1644000947177,
                    "link": {
                        "rel": "self",
                        "resourceLink": "\/facilities\/21211900202826970938020910N8\/systemcontrol\/tli\/v1\/dhw\/configuration"
                    }
                }
            ]
        },
        "body": {
            "zones": [
                {
                    "heating": {
                        "configuration": {
                            "operation_mode": "TIME_CONTROLLED",
                            "setback_temperature_setpoint": 19,
                            "manual_mode_temperature_setpoint": 21
                        },
                        "timeprogram": {
                            "monday": [
                                {
                                    "start_time": "06:20",
                                    "end_time": "09:30",
                                    "setpoint": 21
                                },
                                {
                                    "start_time": "14:10",
                                    "end_time": "22:30",
                                    "setpoint": 21
                                }
                            ],
                            "tuesday": [
                                {
                                    "start_time": "06:20",
                                    "end_time": "09:30",
                                    "setpoint": 21
                                },
                                {
                                    "start_time": "14:10",
                                    "end_time": "22:30",
                                    "setpoint": 21
                                }
                            ],
                            "wednesday": [
                                {
                                    "start_time": "06:20",
                                    "end_time": "09:30",
                                    "setpoint": 21
                                },
                                {
                                    "start_time": "14:10",
                                    "end_time": "22:30",
                                    "setpoint": 21
                                }
                            ],
                            "thursday": [
                                {
                                    "start_time": "06:20",
                                    "end_time": "09:30",
                                    "setpoint": 21
                                },
                                {
                                    "start_time": "14:10",
                                    "end_time": "22:30",
                                    "setpoint": 21
                                }
                            ],
                            "friday": [
                                {
                                    "start_time": "06:20",
                                    "end_time": "09:30",
                                    "setpoint": 21
                                },
                                {
                                    "start_time": "14:10",
                                    "end_time": "22:30",
                                    "setpoint": 21
                                }
                            ],
                            "saturday": [
                                {
                                    "start_time": "07:50",
                                    "end_time": "22:30",
                                    "setpoint": 21
                                }
                            ],
                            "sunday": [
                                {
                                    "start_time": "07:50",
                                    "end_time": "22:30",
                                    "setpoint": 21
                                }
                            ]
                        }
                    },
                    "configuration": {
                        "name": "Radiateurs",
                        "enabled": true,
                        "active_function": "HEATING",
                        "inside_temperature": 21.7,
                        "eco_mode": true,
                        "current_desired_setpoint": 21,
                        "away": {
                            "start_datetime": "2022-01-07T19:13:55.000Z",
                            "end_datetime": "2022-01-09T17:00:00.000Z",
                            "temperature_setpoint": 18
                        },
                        "manual_cooling_active": false,
                        "humidity": 38
                    },
                    "_id": "Control_ZO1"
                }
            ],
            "configuration": {
                "manual_cooling": {
                    "start_date": "2019-01-01",
                    "end_date": "2019-01-01"
                }
            },
            "status": {
                "datetime": "2022-02-04T19:53:33.000Z",
                "outside_temperature": 5.5
            },
            "dhw": {
                "hotwater": {
                    "configuration": {
                        "operation_mode": "TIME_CONTROLLED",
                        "hotwater_temperature_setpoint": 60
                    },
                    "timeprogram": {
                        "monday": [
                            {
                                "start_time": "06:50",
                                "end_time": "10:00"
                            },
                            {
                                "start_time": "18:30",
                                "end_time": "21:30"
                            }
                        ],
                        "tuesday": [
                            {
                                "start_time": "06:50",
                                "end_time": "10:00"
                            },
                            {
                                "start_time": "18:30",
                                "end_time": "21:30"
                            }
                        ],
                        "wednesday": [
                            {
                                "start_time": "06:50",
                                "end_time": "10:00"
                            },
                            {
                                "start_time": "18:30",
                                "end_time": "21:30"
                            }
                        ],
                        "thursday": [
                            {
                                "start_time": "06:50",
                                "end_time": "10:00"
                            },
                            {
                                "start_time": "18:30",
                                "end_time": "21:30"
                            }
                        ],
                        "friday": [
                            {
                                "start_time": "06:50",
                                "end_time": "10:00"
                            },
                            {
                                "start_time": "18:30",
                                "end_time": "21:30"
                            }
                        ],
                        "saturday": [
                            {
                                "start_time": "09:00",
                                "end_time": "11:30"
                            },
                            {
                                "start_time": "18:00",
                                "end_time": "21:30"
                            }
                        ],
                        "sunday": [
                            {
                                "start_time": "09:00",
                                "end_time": "11:30"
                            },
                            {
                                "start_time": "18:00",
                                "end_time": "21:30"
                            }
                        ]
                    }
                },
                "circulation": {
                    "configuration": {
                        "operation_mode": "TIME_CONTROLLED"
                    },
                    "timeprogram": {
                        "monday": [
                            {
                                "start_time": "06:00",
                                "end_time": "22:00"
                            }
                        ],
                        "tuesday": [
                            {
                                "start_time": "06:00",
                                "end_time": "22:00"
                            }
                        ],
                        "wednesday": [
                            {
                                "start_time": "06:00",
                                "end_time": "22:00"
                            }
                        ],
                        "thursday": [
                            {
                                "start_time": "06:00",
                                "end_time": "22:00"
                            }
                        ],
                        "friday": [
                            {
                                "start_time": "06:00",
                                "end_time": "22:00"
                            }
                        ],
                        "saturday": [
                            {
                                "start_time": "07:30",
                                "end_time": "23:30"
                            }
                        ],
                        "sunday": [
                            {
                                "start_time": "07:30",
                                "end_time": "22:00"
                            }
                        ]
                    }
                },
                "configuration": {
                    "away": {
                        "start_datetime": "2022-01-07T19:00:00.000Z",
                        "end_datetime": "2022-01-09T17:00:00.000Z"
                    }
                }
            }
        }
    },
    "facilities\/21211900202826970938020910N8\/livereport\/v1": {
        "meta": {
            "resourceState": [
                {
                    "state": "OUTDATED",
                    "timestamp": 1644000933,
                    "link": {
                        "rel": "child",
                        "resourceLink": "\/facilities\/21211900202826970938020910N8\/livereport\/v1\/devices\/Control_SYS_senso\/reports\/WaterPressureSensor"
                    }
                },
                {
                    "state": "OUTDATED",
                    "timestamp": 1644000944,
                    "link": {
                        "rel": "child",
                        "resourceLink": "\/facilities\/21211900202826970938020910N8\/livereport\/v1\/devices\/Control_ZO1\/reports\/HumidityCurrent"
                    }
                },
                {
                    "state": "OUTDATED",
                    "timestamp": 1644000947,
                    "link": {
                        "rel": "child",
                        "resourceLink": "\/facilities\/21211900202826970938020910N8\/livereport\/v1\/devices\/Control_DHW\/reports\/DomesticHotWaterTankTemperature"
                    }
                },
                {
                    "state": "OUTDATED",
                    "timestamp": 1644000948,
                    "link": {
                        "rel": "child",
                        "resourceLink": "\/facilities\/21211900202826970938020910N8\/livereport\/v1\/devices\/Control_CC1\/reports\/FlowTemperatureSensor"
                    }
                }
            ]
        },
        "body": {
            "devices": [
                {
                    "reports": [
                        {
                            "unit": "bar",
                            "name": "Pression d'eau",
                            "value": 1.5,
                            "_id": "WaterPressureSensor",
                            "measurement_category": "PRESSURE",
                            "associated_device_function": "HEATING"
                        }
                    ],
                    "_id": "Control_SYS_senso",
                    "name": "MiPro Sense"
                },
                {
                    "reports": [
                        {
                            "unit": "%",
                            "name": "Humidit\u00e9 ambiante actuelle",
                            "value": 38,
                            "_id": "HumidityCurrent",
                            "measurement_category": "AIR_QUALITY",
                            "associated_device_function": "RELATIVE_HUMIDITY"
                        }
                    ],
                    "_id": "Control_ZO1",
                    "name": "Zone 1"
                },
                {
                    "reports": [
                        {
                            "unit": "\u00b0C",
                            "name": "Temp\u00e9rature ECS ballon",
                            "value": 58.5,
                            "_id": "DomesticHotWaterTankTemperature",
                            "measurement_category": "TEMPERATURE",
                            "associated_device_function": "DHW"
                        }
                    ],
                    "_id": "Control_DHW",
                    "name": "Circuit sanitaire"
                },
                {
                    "reports": [
                        {
                            "unit": "\u00b0C",
                            "name": "Sonde de temp\u00e9rature de d\u00e9part",
                            "value": 44,
                            "_id": "FlowTemperatureSensor",
                            "measurement_category": "TEMPERATURE",
                            "associated_device_function": "HEATING"
                        }
                    ],
                    "_id": "Control_CC1",
                    "name": "Circuit chauffage 1"
                }
            ]
        }
    }
}
