{
    "Home|21211900202826970938020910N8": {
        "id": "Home|21211900202826970938020910N8",
        "name": "Home_Chauffage",
        "type": "Home",
        "cmdsType": [
            "Home"
        ],
        "systemControl": "SYSTEMCONTROL_MULTIMATIC",
        "capabilities": [
            "SYSTEMCONTROL_SENSO",
            "SPINE"
        ],
        "firmwareVersion": "357.24.2",
        "gatewayType": "MILINKv3",
        "onlineStatus": "ONLINE",
        "is_up_to_date": true,
        "rbr_avalaible": false,
        "datetime": "13-03-2022 13:00",
        "outside_temperature": 10.4,
        "quick_mode": "Aucun",
        "system_mode": "AUTO",
        "reports": {
            "WaterPressureSensor": {
                "unit": "bar",
                "name": "Pression d'eau",
                "value": 1.5,
                "_id": "WaterPressureSensor",
                "measurement_category": "PRESSURE",
                "associated_device_function": "HEATING",
                "deviceId": "Control_SYS_senso",
                "deviceName": "MiPro Sense"
            },
            "FlowTemperatureSensor": {
                "unit": "°C",
                "name": "Sonde de température de départ",
                "value": 41,
                "_id": "FlowTemperatureSensor",
                "measurement_category": "TEMPERATURE",
                "associated_device_function": "HEATING",
                "deviceId": "Control_CC1",
                "deviceName": "Circuit chauffage 1"
            }
        },
        "emf": {
            "NoneGateway-LL_BAI00_0376_Peec_PR_EBUS": {
                "type": "BOILER",
                "name": "IsoMax Condens T 31-CS\/1-Sf (N-FR)",
                "mesuresIndex": {
                    "DHW|consumed_electrical_power": 5.9,
                    "CENTRAL_HEATING|consumed_electrical_power": 132.8,
                    "DHW|consumed_primary_energy": 849.6,
                    "CENTRAL_HEATING|consumed_primary_energy": 8139.7
                }
            }
        }
    },
    "Control_ZO1|21211900202826970938020910N8": {
        "id": "Control_ZO1|21211900202826970938020910N8",
        "zone_Id": "Control_ZO1",
        "type": "ZONE",
        "cmdsType": [
            "ZONE"
        ],
        "zone_operation_mode": "AUTO",
        "setback_spTemperature": 19.5,
        "manual_spTemperature": 20.5,
        "prog_spTemperature": 21,
        "prog_actif": true,
        "mode_endTime": "23:30",
        "prog_mode": "Confort",
        "zone_status": "AUTO(Confort) jusqu'a 23:30",
        "name": "Radiateurs",
        "enabled": true,
        "active_function": "HEATING",
        "temperature": 20,
        "eco_mode": true,
        "current_desired_consigne": 21,
        "quick_mode": "Aucun",
        "away_spTemperature": 20,
        "zone_mode": "AUTO",
        "consigne": 21,
        "reports": {
            "HumidityCurrent": {
                "unit": "%",
                "name": "Humidité ambiante actuelle",
                "value": 50,
                "_id": "HumidityCurrent",
                "measurement_category": "AIR_QUALITY",
                "associated_device_function": "RELATIVE_HUMIDITY",
                "deviceId": "Control_ZO1",
                "deviceName": "Zone 1"
            }
        }
    },
    "Control_DHW|21211900202826970938020910N8": {
        "id": "Control_DHW|21211900202826970938020910N8",
        "dhw_Id": "Control_DHW",
        "type": "DHW",
        "name": "Dhw",
        "compenents": [
            "hotwater",
            "circulation"
        ],
        "cmdsType": [
            "DHW|HOTWATER",
            "DHW|CIRCULATION"
        ],
        "temperature_setpoint": 59,
        "hotwater_operation_mode": "AUTO",
        "hotwater_prog_actif": false,
        "hotwater_prog_endTime": "18:00",
        "Ecs_status": "Eteint jusqu'a 18:00",
        "hotwater_actif": false,
        "circulation_operation_mode": "AUTO",
        "circulation_prog_actif": true,
        "circulation_prog_endTime": "22:50",
        "circulation_mode": "AUTO",
        "circulation_status": "On jusqu'a 22:50",
        "dhw_mode": "AUTO",
        "reports": {
            "DomesticHotWaterTankTemperature": {
                "unit": "°C",
                "name": "Température ECS ballon",
                "value": 56,
                "_id": "DomesticHotWaterTankTemperature",
                "measurement_category": "TEMPERATURE",
                "associated_device_function": "DHW",
                "deviceId": "Control_DHW",
                "deviceName": "Circuit sanitaire"
            }
        }
    }
}
