{
    "id": "ModbusMonitor",
    "name": "Modbus Monitor",
    "description": {
        "fr_FR": "Plugin ModbusMonitor",
        "en_US": "ModbusMonitor plug-in",
        "es_ES": "Complemento Modbus",
        "de_DE": "ModbusMonitor-Plugin",
        "ru_RU": "Plugin ModbusMonitor",
        "id_ID": "Plugin ModbusMonitor",
        "it_IT": "Plugin ModbusMonitor",
        "ja_JP": "Plugin ModbusMonitor",
        "pt_PT": "Plug-in ModbusMonitor",
        "tr": "Plugin ModbusMonitor"
    },
    "licence": "AGPL",
    "author": "Jeedom SAS",
    "require": "4.0",
    "category": "automation protocol",
    "hasDependency": false,
    "hasOwnDeamon": false,
    "maxDependancyInstallTime": 0,
    "changelog": "https:\/\/doc.jeedom.com\/#language#\/plugins\/automation protocol\/ModbusMonitor\/changelog",
    "documentation": "https:\/\/doc.jeedom.com\/#language#\/plugins\/automation protocol\/ModbusMonitor\/",
    "link": {
        "forum": "Lien vers le forum",
        "video": "Lien vers une video"
    },
    "language": [
        "fr_FR",
        "en_US"
    ],
    "compatibility": [
        "miniplus",
        "smart",
        "rpi",
        "diy",
        "atlas",
        "v4"
    ],
    "changelog_beta": "https:\/\/doc.jeedom.com\/#language#\/plugins\/automation protocol\/ModbusMonitor\/beta\/changelog",
    "documentation_beta": "https:\/\/doc.jeedom.com\/#language#\/plugins\/automation protocol\/ModbusMonitor\/beta"
}