{
	"id" : "naEnergie",
	"name" : "Netatmo Energie",
	"description" : "Plugin pour contrôler le thermostat et les vannes Netatmo par piéce",
	"licence" : "AGPL",
	"author" : "limad44",
	"require" : "4.0",
	"category" : "wellness",
  	"changelog" : "https://limad.github.io/plugin-naEnergie/#language#/changelog",
	"documentation" : "https://limad.github.io/plugin-naEnergie/#language#/",
	"language" : ["fr_FR","en_US","de_DE","sp_SP","ru_RU","id_ID","it_IT"],
	"compatibility" : ["miniplus","smart","rpi","docker","diy","mobile"]
}