{
	"id" : "naEnergie",
	"name" : "Netatmo Energie",
	"description" : "Plugin pour contrôler le thermostat et les vannes Netatmo par piéce",
	"licence" : "AGPL",
	"author" : "limad44",
	"require" : "3.3",
	"category" : "wellness",
	"hasDependency" : false,
	"hasOwnDeamon" : false,
	"maxDependancyInstallTime" : 0,
	"changelog" : "https://limad.github.io/plugin-naEnergie/#language#/changelog",
	"documentation" : "https://limad.github.io/plugin-naEnergie/#language#/",
	"link" : {
		"forum": "https://community.jeedom.com/c/plugins/wellness/"
	},
	"language" : ["fr_FR","en_US"],
	"compatibility" : ["miniplus","smart","rpi","docker","diy","mobile"]
}