{
    "Home": [
        {
            "logicalId": "refresh",
            "name": "Rafraichir",
            "type": "action",
            "subtype": "other",
            "isVisible": 1
        },
        {
            "logicalId": "status",
            "name": "Statut",
            "type": "info",
            "subtype": "string",
            "isVisible": 1,
            "isHistorized": 0,
            "template": {
                "dashboard": "line",
                "mobile": "line"
            }
        },
        {
            "logicalId": "datetime",
            "name": "Time",
            "type": "info",
            "subtype": "string",
            "isVisible": 1,
            "isHistorized": 0,
            "template": {
                "dashboard": "line",
                "mobile": "line"
            }
        },
      	{
            "logicalId": "onlineStatus",
            "name": "Status",
            "type": "info",
            "subtype": "string",
            "isVisible": 1,
            "isHistorized": 0,
            "template": {
                "dashboard": "line",
                "mobile": "line"
            }
        },
        {
            "logicalId": "is_up_to_date",
            "name": "A jour",
            "type": "info",
            "subtype": "binary",
            "isVisible": 1,
            "isHistorized": 0,
            "template": {
                "dashboard": "line",
                "mobile": "line"
            }
        },
        {
            "logicalId": "rbr_avalaible",
            "name": "Contrôle via les pièces",
            "type": "info",
            "subtype": "binary",
            "isVisible": 1,
            "isHistorized": 0,
            "template": {
                "dashboard": "line",
                "mobile": "line"
            }
        },
        {
            "logicalId": "outside_temperature",
            "name": "Température extérieure",
            "type": "info",
            "subtype": "numeric",
            "generic_type": "TEMPERATURE",
            "isVisible": 1,
            "isHistorized": 1,
            "unite": "°C",
            "initialValue": 0,
            "template": {
                "dashboard": "line",
                "mobile": "line"
            }
        },
        {
            "logicalId": "system_mode",
            "name": "Mode",
            "type": "info",
            "subtype": "string",
            "generic_type": "THERMOSTAT_MODE",
            "isVisible": 1,
            "isHistorized": 0,
            "template": {
                "dashboard": "line",
                "mobile": "line"
            }
        },
      	{
            "logicalId": "quick_mode",
            "name": "Mode rapide",
            "type": "info",
            "subtype": "string",
            "generic_type": "MODE_STATE",
            "isVisible": 1,
            "isHistorized": 0,
            "template": {
                "dashboard": "line",
                "mobile": "line"
            }
        },
        {
            "logicalId": "set_system_Mode",
            "name": "Changer Mode Chauffe",
            "type": "action",
            "subtype": "select",
            "isVisible": 1,
            "generic_type": "THERMOSTAT_SET_MODE",
            "configuration": {
            	"function": "_setSystemMode",
              	"cmdi_LogId": "system_mode",
              	"listValue": "VENTILATION_BOOST|Ventilation;AWAY|Absent;QUICK_VETO|QuickVeto;SYSTEM_OFF|System Off;MANUAL_COOLING|Refroidissement Manuel"
           },
            "display": {
            	"showStatsOnmobile": 0,
            	"showStatsOndashboard": 0
            }
        },
      	{
            "logicalId": "away_disable",
            "name": "Désactiver Mode Absent",
            "type": "action",
            "subtype": "other",
            "isVisible": 1,
            "configuration": {
                "function": "_setSystemMode",
            	"cmdi_LogId": "system_mode",
              	"listValue": "AWAY_on|on,AWAY_off|off"
            }
        },
      	{
            "logicalId": "system_off_disable",
            "name": "Désactiver Mode Off",
            "type": "action",
            "subtype": "other",
            "isVisible": 1,
            "configuration": {
                "function": "_setSystemMode",
            	"cmdi_LogId": "system_mode",
              	"listValue": "SYSTEM_OFF_on|on,SYSTEM_OFF_off|off"
            }
        },
      	{
            "logicalId": "ventilation_boost_disable",
            "name": "Désactiver Mode Ventilation",
            "type": "action",
            "subtype": "other",
            "isVisible": 1,
            "configuration": {
                "function": "_setSystemMode",
            	"cmdi_LogId": "system_mode",
              	"listValue": "VENTILATION_BOOST_on|on,VENTILATION_BOOST_off|off"
            }
        }
      	
    ],
  	"ZONE": [
         {
            "logicalId": "temperature",
            "name": "Température",
            "type": "info",
            "subtype": "numeric",
            "generic_type": "THERMOSTAT_TEMPERATURE",
            "isVisible": 1,
            "isHistorized": 1,
            "unite": "°C",
            "initialValue": 0,
            "template": {
                "dashboard": "line",
                "mobile": "line"
            }
        },
		{
            "logicalId": "consigne",
            "name": "Consigne Zone",
            "type": "info",
            "subtype": "numeric",
            "generic_type": "THERMOSTAT_SETPOINT",
            "isVisible": 1,
            "isHistorized": 0,
            "unite": "°C",
            "template": {
                "dashboard": "line",
                "mobile": "line"
            },
            "initialValue": 0,
            "configuration": {
                "minValue": 0,
                "maxValue": 30
            }
        },
        {
            "logicalId": "zone_mode",
            "name": "Mode",
            "type": "info",
            "subtype": "string",
            "generic_type": "THERMOSTAT_MODE",
            "isVisible": 1,
            "isHistorized": 0,
            "template": {
                "dashboard": "line",
                "mobile": "line"
            }
        },
      	{
            "logicalId": "zone_status",
            "name": "Status zone",
            "type": "info",
            "subtype": "string",
            "isVisible": 1,
            "isHistorized": 0,
            "generic_type": "THERMOSTAT_STATE_NAME",
            "template": {
                "dashboard": "line",
                "mobile": "line"
            }
        },
        
      	{
            "logicalId": "zone_operation_mode",
            "name": "Op_Mode",
            "type": "info",
            "subtype": "string",
            "isVisible": 1,
            "isHistorized": 0,
            "template": {
                "dashboard": "line",
                "mobile": "line"
            }
        },
        {
            "logicalId": "enabled",
            "name": "zone Actif",
            "type": "info",
            "subtype": "binary",
            "isVisible": 1,
            "isHistorized": 0,
            "template": {
                "dashboard": "line",
                "mobile": "line"
            }
        },
      	{
            "logicalId": "mode_endTime",
            "name": "Fin du Mode en cours",
            "type": "info",
            "subtype": "string",
            "isVisible": 1,
            "isHistorized": 0,
            "template": {
                "dashboard": "line",
                "mobile": "line"
            }
        },
        {
            "logicalId": "active_function",
            "name": "Fonction Active",
            "type": "info",
            "subtype": "string",
            "isVisible": 1,
            "isHistorized": 0,
            "template": {
                "dashboard": "line",
                "mobile": "line"
            },
          	"configuration": {
                "listValue": "STANDBY|Veille,HEATING|Chauffe,COOLING|Refroidissement"
            }
        },
        {
            "logicalId": "prog_spTemperature",
            "name": "Consigne du Mode Auto",
            "type": "info",
            "subtype": "numeric",
            "isVisible": 1,
            "isHistorized": 0,
            "unite": "°C",
            "template": {
                "dashboard": "line",
                "mobile": "line"
            },
            "initialValue": 0
        },
        {
            "logicalId": "manual_spTemperature",
            "name": "Consigne du Mode Manual",
            "type": "info",
            "subtype": "numeric",
            "isVisible": 1,
            "isHistorized": 0,
            "unite": "°C",
            "template": {
                "dashboard": "line",
                "mobile": "line"
            },
            "initialValue": 0
        },
      	{
            "logicalId": "away_spTemperature",
            "name": "Consigne du Mode Absent",
            "type": "info",
            "subtype": "numeric",
            "isVisible": 1,
            "isHistorized": 0,
            "unite": "°C",
            "template": {
                "dashboard": "line",
                "mobile": "line"
            },
            "initialValue": 0
        },
        {
            "logicalId": "setback_spTemperature",
            "name": "Consigne du Mode Reduit",
            "type": "info",
            "subtype": "numeric",
            "isVisible": 1,
            "isHistorized": 0,
            "unite": "°C",
            "template": {
                "dashboard": "line",
                "mobile": "line"
            },
            "initialValue": 0
        },
       {
            "logicalId": "set_zone_cons",
            "name": "Réglage Consigne zone",
            "type": "action",
            "subtype": "slider",
            "generic_type": "THERMOSTAT_SET_SETPOINT",
            "isVisible": 1,
            "isHistorized": 0,
            "unite": "°C",
            "configuration": {
                "cmdi_LogId": "consigne", 
                "function": "setZoneCons", 
                "minValue": 5,
                "maxValue": 30
            },
            "display": {
                "parameters": {
                    "step": "0.5"
                }
            },
            "template": {
                "dashboard": "button",
                "mobile": "button"
            }
        },
        {
            "logicalId": "set_quick_veto",
            "name": "Activer température forcée QV",
            "type": "action",
            "subtype": "slider",
            "generic_type": "THERMOSTAT_SET_SETPOINT",
            "isVisible": 1,
            "isHistorized": 0,
            "unite": "°C",
            "configuration": {
                "action": "set_zone_quick_veto",
                "cmdi_LogId": "consigne", 
                "function": "_setZoneQV", 
                "minValue": 5,
                "maxValue": 30
            },
            "display": {
                "parameters": {
                    "step": "0.5"
                }
            },
            "template": {
                "dashboard": "button",
                "mobile": "button"
            }
        },
        {
            "logicalId": "away_disable",
            "name": "Désactiver Mode Absent",
            "type": "action",
            "subtype": "other",
            "isVisible": 1,
            "configuration": {
                "function": "_setZoneMode",
            	"cmdi_LogId": "zone_mode",
              	"listValue": "AWAY_on|on,AWAY_off|off"
            }
        },
      	{
            "logicalId": "quick_veto_disable",
            "name": "Désactiver Mode QuickVeto",
            "type": "action",
            "subtype": "other",
            "isVisible": 1,
            "configuration": {
                "function": "_setZoneMode",
            	"cmdi_LogId": "zone_mode",
              	"listValue": "QUICK_VETO_on|on,QUICK_VETO_off|off"
            }
        },
        {
            "logicalId": "ventilation_boost_disable",
            "name": "Désactiver Mode Ventilation",
            "type": "action",
            "subtype": "other",
            "isVisible": 1,
            "configuration": {
                "function": "_setZoneMode",
            	"cmdi_LogId": "zone_mode",
              	"listValue": "VENTILATION_BOOST_on|on,VENTILATION_BOOST_off|off"
            }
        },
      	{
            "logicalId": "set_away_mode",
            "name": "Définir mode Absent",
            "type": "action",
            "subtype": "message",
            "isVisible": 1,
            "configuration": {
                "action": "set_away_mode"
            },
            "display": {
                "title_placeholder": "Consigne",
                "message_placeholder": "Fin (YYYY-mm-dd i:s)"
            }
        },
        {
            "logicalId": "set_qv_mode",
            "name": "Définir mode QuickVeto",
            "type": "action",
            "subtype": "message",
            "isVisible": 1,
            "configuration": {
                "function": "set_qv_mode"
            },
            "display": {
                "title_placeholder": "Consigne",
                "message_placeholder": "durée (en heures)"
            }
        },
        {
            "logicalId": "system_off_disable",
            "name": "Désactiver Mode Off",
            "type": "action",
            "subtype": "other",
            "isVisible": 1,
            "configuration": {
                "function": "_setZoneMode",
            	"cmdi_LogId": "zone_mode",
              	"listValue": "SYSTEM_OFF_on|on,SYSTEM_OFF_off|off"
            }
        },
      	{
            "logicalId": "set_cons_man",
            "name": "Définir consigne du mode Manuel",
            "type": "action",
            "subtype": "slider",
            "isVisible": 1,
            "unite": "°C",
            "configuration": {
                "cmdi_LogId": "manual_spTemperature",
                "function": "_changeHeatManualCons",
                "minValue": 5,
                "maxValue": 30
            },
            "display": {
                "parameters": {
                    "step": "0.5"
                }
            },
            "template": {
                "dashboard": "core",
                "mobile": "core"
            }
        },
        {
            "logicalId": "set_cons_night",
            "name": "Définir consigne du mode Reduit",
            "type": "action",
            "subtype": "slider",
            "isVisible": 1,
            "isHistorized": 0,
            "unite": "°C",
            "configuration": {
                "cmdi_LogId": "setback_spTemperature",
                "minValue": 5,
                "maxValue": 30,
              	"function": "_changeHeatEcoCons"
            },
            "display": {
                "parameters": {
                    "step": "0.5"
                }
            },
            "template": {
                "dashboard": "core",
                "mobile": "core"
            }
        },
      	{
            "logicalId": "set_cons_away",
            "name": "Définir consigne du mode Absence",
            "type": "action",
            "subtype": "slider",
            "isVisible": 1,
            "isHistorized": 0,
            "unite": "°C",
            "configuration": {
                "function": "_changeHeatAwayCons",
              	"cmdi_LogId": "away_spTemperature",
                "minValue": 5,
                "maxValue": 30
            },
            "display": {
                "parameters": {
                    "step": "0.5"
                }
            },
            "template": {
                "dashboard": "core",
                "mobile": "core"
            }
        },
      	{
            "logicalId": "set_zone_Mode",
            "name": "Changer Mode Chauffe",
            "type": "action",
            "subtype": "select",
            "isVisible": 1,
            "generic_type": "THERMOSTAT_SET_MODE",
            "configuration": {
            	"function": "_setZoneMode",
              	"cmdi_LogId": "zone_mode",
              	"listValue": "AUTO|Auto;MANUAL|Manuel;OFF|Off;AWAY|Absent;VENTILATION_BOOST|Ventilation;QUICK_VETO|QuickVeto;SYSTEM_OFF|System Off"
            },
            "display": {
            	"showStatsOnmobile": 0,
            	"showStatsOndashboard": 0
            }
        },
      	{
            "logicalId": "refresh",
            "name": "Rafraichir",
            "type": "action",
            "subtype": "other",
            "isVisible": 1
        }
        
    ],
    "DHW|HOTWATER": [
        {
            "logicalId": "temperature_setpoint",
            "name": "Consigne ECS",
            "type": "info",
            "subtype": "numeric",
            "generic_type": "THERMOSTAT_SETPOINT",
            "isVisible": 1,
            "isHistorized": 0,
            "unite": "°C",
            "template": {
                "dashboard": "line",
                "mobile": "line"
            },
            "initialValue": 0,
            "configuration": {
                "minValue": 0,
                "maxValue": 70
            }
        },
      	{
            "logicalId": "dhw_mode",
            "name": "Ecs_Mode",
            "type": "info",
            "subtype": "string",
            "generic_type": "THERMOSTAT_MODE",
            "isVisible": 1,
            "isHistorized": 0,
            "template": {
                "dashboard": "line",
                "mobile": "line"
            }
        },
      	{
            "logicalId": "Ecs_status",
            "name": "Status Ecs",
            "type": "info",
            "subtype": "string",
            "isVisible": 1,
            "isHistorized": 0,
            "generic_type": "THERMOSTAT_STATE_NAME",
            "template": {
                "dashboard": "line",
                "mobile": "line"
            }
        },
        {
            "logicalId": "hotwater_actif",
            "name": "Ecs_Etat",
            "type": "info",
            "subtype": "binary",
            "isVisible": 1,
            "isHistorized": 0,
            "template": {
                "dashboard": "line",
                "mobile": "line"
            }
        },
        {
            "logicalId": "hotwater_prog_endTime",
            "name": "Fin Programe Ecs",
            "type": "info",
            "subtype": "string",
            "isVisible": 1,
            "isHistorized": 0,
            "template": {
                "dashboard": "line",
                "mobile": "line"
            }
        },
        {
            "logicalId": "hotwater_operation_mode",
            "name": "Ecs_Op_Mode",
            "type": "info",
            "subtype": "string",
            "generic_type": "THERMOSTAT_STATE_NAME",
            "isVisible": 1,
            "isHistorized": 0,
            "template": {
                "dashboard": "line",
                "mobile": "line"
            }
        },
        {
            "logicalId": "refresh",
            "name": "Rafraichir",
            "type": "action",
            "subtype": "other",
            "isVisible": 1
        },
       	{
            "logicalId": "set_cons_ecs",
            "name": "Définir consigne Ecs",
            "type": "action",
            "subtype": "slider",
            "generic_type": "THERMOSTAT_SET_SETPOINT",
            "isVisible": 1,
            "isHistorized": 0,
            "unite": "°C",
            "display": {
                "parameters": {
                    "step": "1"
                }
           	},
           	"configuration": {
                "action": "set_hot_water_setpoint_temperature",
                "minValue": 35,
                "maxValue": 70,
              	"cmdi_LogId": "temperature_setpoint",
              	"function":"_setDhwTemp"
            
            },
             "template": {
                "dashboard": "button",
                "mobile": "button"
            }
        },
      	{
            "logicalId": "set_Ecs_Mode",
            "name": "Changer Mode Esc",
            "type": "action",
            "subtype": "select",
            "generic_type": "THERMOSTAT_SET_MODE",
            "isVisible": 1,
            "configuration": {
            	"function": "_setDhwMode",
            	"cmdi_LogId": "dhw_mode",
              	"listValue": "AUTO|Auto;MANUAL|Manuel;OFF|Off;HOTWATER_BOOST|Boost;AWAY|Abscent"
            },
            "display": {
            	"showStatsOnmobile": 0,
            	"showStatsOndashboard": 0
            }
        },
      	{
            "logicalId": "hwb_away_disable",
            "name": "Désactiver Mode Absent",
            "type": "action",
            "subtype": "other",
            "isVisible": 1,
            "configuration": {
                "function": "_setDhwMode",
            	"cmdi_LogId": "dhw_mode",
              	"listValue": "AWAY|on,AUTO|off"
            }
        },
        {
            "logicalId": "hotwater_boost_disable",
            "name": "Désactiver Mode Ecs_Boost",
            "type": "action",
            "subtype": "other",
            "isVisible": 1,
            "configuration": {
                "function": "_setDhwMode",
            	"cmdi_LogId": "dhw_mode",
              	"listValue": "HOTWATER_BOOST|Boost"
            }
        }
    ],
    "DHW|CIRCULATION": [
    	{
            "logicalId": "circulation_operation_mode",
            "name": "Mode circulation",
            "type": "info",
            "subtype": "string",
            "isVisible": 1,
            "isHistorized": 0,
            "template": {
                "dashboard": "line",
                "mobile": "line"
            }
        },
      	{
            "logicalId": "circulation_mode",
            "name": "Op_Mode circulation",
            "type": "info",
            "subtype": "string",
            "isVisible": 1,
            "isHistorized": 0,
            "template": {
                "dashboard": "line",
                "mobile": "line"
            }
        },
      	{
            "logicalId": "circulation_prog_actif",
            "name": "Circulation Active",
            "type": "info",
            "subtype": "binary",
            "isVisible": 1,
            "isHistorized": 0,
            "template": {
                "dashboard": "line",
                "mobile": "line"
            }
        },
      	{
            "logicalId": "circulation_prog_endTime",
            "name": "Fin Programe circulation",
            "type": "info",
            "subtype": "string",
            "isVisible": 1,
            "isHistorized": 0,
            "template": {
                "dashboard": "line",
                "mobile": "line"
            }
        },
        {
            "logicalId": "circulation_status",
            "name": "Status circulation",
            "type": "info",
            "subtype": "string",
            "isVisible": 1,
            "isHistorized": 0,
            "template": {
                "dashboard": "line",
                "mobile": "line"
            }
        }
    ],
    "Other":[
  		{
            "logicalId": "cons_high",
            "name": "Consigne confort",
            "type": "info",
            "subtype": "numeric",
            "isVisible": 1,
            "isHistorized": 0,
            "unite": "°C",
            "template": {
                "dashboard": "line",
                "mobile": "line"
            },
            "initialValue": 0,
            "configuration": {
                "minValue": 0,
                "maxValue": 70
            }
        },
        {
            "logicalId": "cons_low",
            "name": "Consigne eco",
            "type": "info",
            "subtype": "numeric",
            "isVisible": 1,
            "isHistorized": 0,
            "unite": "°C",
            "template": {
                "dashboard": "line",
                "mobile": "line"
            },
            "initialValue": 0,
            "configuration": {
                "minValue": 0,
                "maxValue": 70
            }
        },
        {
            "logicalId": "holiday_mode_start_date",
            "name": "Date début vacances",
            "type": "info",
            "subtype": "string",
            "isVisible": 1,
            "isHistorized": 0,
            "template": {
                "dashboard": "line",
                "mobile": "line"
            }
        },
        {
            "logicalId": "holiday_mode_end_date",
            "name": "Date fin vacances",
            "type": "info",
            "subtype": "string",
            "isVisible": 1,
            "isHistorized": 0,
            "template": {
                "dashboard": "line",
                "mobile": "line"
            }
        },
        {
            "logicalId": "holiday_mode_cons",
            "name": "Consigne vacances",
            "type": "info",
            "subtype": "numeric",
            "isVisible": 1,
            "isHistorized": 0,
            "unite": "°C",
            "template": {
                "dashboard": "line",
                "mobile": "line"
            },
            "initialValue": 0,
            "configuration": {
                "minValue": 5,
                "maxValue": 30
            }
        },
        {
            "logicalId": "holiday_mode_is_active",
            "name": "Mode vacances actif",
            "type": "info",
            "subtype": "binary",
            "isVisible": 1,
            "isHistorized": 0,
            "template": {
                "dashboard": "line",
                "mobile": "line"
            }
        },
        {
            "logicalId": "holiday_mode_off",
            "name": "Mode vacances Off",
            "type": "action",
            "subtype": "other",
            "isVisible": 1,
            "configuration": {
                "action": "remove_holiday_mode"
            }
        },
        {
            "logicalId": "set_holiday_mode_dates",
            "name": "Définir dates vacances",
            "type": "action",
            "subtype": "message",
            "isVisible": 1,
            "isHistorized": 0,
            "configuration": {
                "action": "set_holiday_mode"
            },
            "display": {
                "title_placeholder": "Début (YYYY-mm-dd)",
                "message_placeholder": "Fin (YYYY-mm-dd)"
            }
        },
        {
            "logicalId": "set_holiday_mode_cons",
            "name": "Définir consigne vacances",
            "type": "action",
            "subtype": "slider",
            "isVisible": 1,
            "isHistorized": 0,
            "unite": "°C",
            "configuration": {
                "action": "set_holiday_mode",
                "minValue": 5,
                "maxValue": 30
            },
            "display": {
                "parameters": {
                    "step": "0.5"
                }
            },
            "template": {
                "dashboard": "core",
                "mobile": "core"
            }
        },
      	{
            "logicalId": "QM_NONE",
            "name": "Aucun",
            "type": "action",
            "subtype": "other",
            "generic_type": "MODE_SET_STATE",
            "isVisible": 1,
            "isHistorized": 0,
            "configuration": {
                "action": "remove_quick_mode"
            },
            "value": "quick_mode"
        },
        {
            "logicalId": "QM_HOTWATER_BOOST",
            "name": "Boost ECS",
            "type": "action",
            "subtype": "other",
            "generic_type": "MODE_SET_STATE",
            "isVisible": 1,
            "isHistorized": 0,
            "configuration": {
                "action": "set_quick_mode"
            },
            "value": "quick_mode"
        },
        {
            "logicalId": "QM_VENTILATION_BOOST",
            "name": "Boost ventilation",
            "type": "action",
            "subtype": "other",
            "generic_type": "MODE_SET_STATE",
            "isVisible": 1,
            "isHistorized": 0,
            "configuration": {
                "action": "set_quick_mode"
            },
            "value": "quick_mode"
        },
        {
            "logicalId": "QM_ONE_DAY_AWAY",
            "name": "Absence exceptionnelle",
            "type": "action",
            "subtype": "other",
            "generic_type": "MODE_SET_STATE",
            "isVisible": 1,
            "isHistorized": 0,
            "configuration": {
                "action": "set_quick_mode"
            },
            "value": "quick_mode"
        },
        {
            "logicalId": "QM_SYSTEM_OFF",
            "name": "Arrêt du système (H.gel)",
            "type": "action",
            "subtype": "other",
            "generic_type": "MODE_SET_STATE",
            "isVisible": 1,
            "isHistorized": 0,
            "configuration": {
                "action": "set_quick_mode"
            },
            "value": "quick_mode"
        },
        {
            "logicalId": "QM_ONE_DAY_AT_HOME",
            "name": "Présence exceptionnelle",
            "type": "action",
            "subtype": "other",
            "generic_type": "MODE_SET_STATE",
            "isVisible": 1,
            "isHistorized": 0,
            "configuration": {
                "action": "set_quick_mode"
            },
            "value": "quick_mode"
        },
        {
            "logicalId": "QM_PARTY",
            "name": "Fête",
            "type": "action",
            "subtype": "other",
            "generic_type": "MODE_SET_STATE",
            "isVisible": 1,
            "isHistorized": 0,
            "configuration": {
                "action": "set_quick_mode"
            },
            "value": "quick_mode"
        }
      	
    ]
}